type,site_id,url,path,site_pv,site_uv,page_pv,page_uv,captured_at,note
site,blog,https://blog.crzliang.cn/,/,4607,3167,,,2026-10-07T08:06:32.563Z,已扣除迁移读取；原版没有 page_uv
page,blog,https://blog.crzliang.cn/,/,4607,3167,1217,,2026-10-07T08:06:32.563Z,已扣除迁移读取；原版不蒜子未提供 page_uv
page,blog,https://blog.crzliang.cn/about/,/about/,4607,3167,66,,2026-10-07T08:06:32.563Z,已扣除迁移读取；原版不蒜子未提供 page_uv
page,blog,https://blog.crzliang.cn/archives/1zqvvqx9/,/archives/1zqvvqx9/,4607,3167,7,,2026-10-07T08:06:32.563Z,已扣除迁移读取；原版不蒜子未提供 page_uv
page,blog,https://blog.crzliang.cn/archives/2wqhr1z8/,/archives/2wqhr1z8/,4607,3167,6,,2026-10-07T08:06:32.563Z,已扣除迁移读取；原版不蒜子未提供 page_uv
page,blog,https://blog.crzliang.cn/archives/3407/,/archives/3407/,4607,3167,16,,2026-10-07T08:06:32.563Z,已扣除迁移读取；原版不蒜子未提供 page_uv
page,blog,https://blog.crzliang.cn/archives/3805/,/archives/3805/,4607,3167,91,,2026-10-07T08:06:32.563Z,已扣除迁移读取；原版不蒜子未提供 page_uv
page,blog,https://blog.crzliang.cn/archives/4926/,/archives/4926/,4607,3167,8,,2026-10-07T08:06:32.563Z,已扣除迁移读取；原版不蒜子未提供 page_uv
page,blog,https://blog.crzliang.cn/archives/4952/,/archives/4952/,4607,3167,13,,2026-10-07T08:06:32.563Z,已扣除迁移读取；原版不蒜子未提供 page_uv
page,blog,https://blog.crzliang.cn/archives/4971/,/archives/4971/,4607,3167,12,,2026-10-07T08:06:32.563Z,已扣除迁移读取；原版不蒜子未提供 page_uv
page,blog,https://blog.crzliang.cn/archives/5012/,/archives/5012/,4607,3167,17,,2026-10-07T08:06:32.563Z,已扣除迁移读取；原版不蒜子未提供 page_uv
page,blog,https://blog.crzliang.cn/archives/5168/,/archives/5168/,4607,3167,10,,2026-10-07T08:06:32.563Z,已扣除迁移读取；原版不蒜子未提供 page_uv
page,blog,https://blog.crzliang.cn/archives/10397/,/archives/10397/,4607,3167,17,,2026-10-07T08:06:32.563Z,已扣除迁移读取；原版不蒜子未提供 page_uv
page,blog,https://blog.crzliang.cn/archives/13034/,/archives/13034/,4607,3167,11,,2026-10-07T08:06:32.563Z,已扣除迁移读取；原版不蒜子未提供 page_uv
page,blog,https://blog.crzliang.cn/archives/22239/,/archives/22239/,4607,3167,20,,2026-10-07T08:06:32.563Z,已扣除迁移读取；原版不蒜子未提供 page_uv
page,blog,https://blog.crzliang.cn/archives/24001/,/archives/24001/,4607,3167,19,,2026-10-07T08:06:32.563Z,已扣除迁移读取；原版不蒜子未提供 page_uv
page,blog,https://blog.crzliang.cn/archives/25815/,/archives/25815/,4607,3167,39,,2026-10-07T08:06:32.563Z,已扣除迁移读取；原版不蒜子未提供 page_uv
page,blog,https://blog.crzliang.cn/archives/28632/,/archives/28632/,4607,3167,11,,2026-10-07T08:06:32.563Z,已扣除迁移读取；原版不蒜子未提供 page_uv
page,blog,https://blog.crzliang.cn/archives/28937/,/archives/28937/,4607,3167,10,,2026-10-07T08:06:32.563Z,已扣除迁移读取；原版不蒜子未提供 page_uv
page,blog,https://blog.crzliang.cn/archives/31271/,/archives/31271/,4607,3167,30,,2026-10-07T08:06:32.563Z,已扣除迁移读取；原版不蒜子未提供 page_uv
page,blog,https://blog.crzliang.cn/archives/33787/,/archives/33787/,4607,3167,45,,2026-10-07T08:06:32.563Z,已扣除迁移读取；原版不蒜子未提供 page_uv
page,blog,https://blog.crzliang.cn/archives/35156/,/archives/35156/,4607,3167,13,,2026-10-07T08:06:32.563Z,已扣除迁移读取；原版不蒜子未提供 page_uv
page,blog,https://blog.crzliang.cn/archives/35737/,/archives/35737/,4607,3167,66,,2026-10-07T08:06:32.563Z,已扣除迁移读取；原版不蒜子未提供 page_uv
page,blog,https://blog.crzliang.cn/archives/35769/,/archives/35769/,4607,3167,34,,2026-10-07T08:06:32.563Z,已扣除迁移读取；原版不蒜子未提供 page_uv
page,blog,https://blog.crzliang.cn/archives/35796/,/archives/35796/,4607,3167,27,,2026-10-07T08:06:32.563Z,已扣除迁移读取；原版不蒜子未提供 page_uv
page,blog,https://blog.crzliang.cn/archives/36330/,/archives/36330/,4607,3167,42,,2026-10-07T08:06:32.563Z,已扣除迁移读取；原版不蒜子未提供 page_uv
page,blog,https://blog.crzliang.cn/archives/41279/,/archives/41279/,4607,3167,12,,2026-10-07T08:06:32.563Z,已扣除迁移读取；原版不蒜子未提供 page_uv
page,blog,https://blog.crzliang.cn/archives/42189/,/archives/42189/,4607,3167,11,,2026-10-07T08:06:32.563Z,已扣除迁移读取；原版不蒜子未提供 page_uv
page,blog,https://blog.crzliang.cn/archives/42291/,/archives/42291/,4607,3167,11,,2026-10-07T08:06:32.563Z,已扣除迁移读取；原版不蒜子未提供 page_uv
page,blog,https://blog.crzliang.cn/archives/43226/,/archives/43226/,4607,3167,14,,2026-10-07T08:06:32.563Z,已扣除迁移读取；原版不蒜子未提供 page_uv
page,blog,https://blog.crzliang.cn/archives/44511/,/archives/44511/,4607,3167,12,,2026-10-07T08:06:32.563Z,已扣除迁移读取；原版不蒜子未提供 page_uv
page,blog,https://blog.crzliang.cn/archives/48138/,/archives/48138/,4607,3167,12,,2026-10-07T08:06:32.563Z,已扣除迁移读取；原版不蒜子未提供 page_uv
page,blog,https://blog.crzliang.cn/archives/51806/,/archives/51806/,4607,3167,23,,2026-10-07T08:06:32.563Z,已扣除迁移读取；原版不蒜子未提供 page_uv
page,blog,https://blog.crzliang.cn/archives/52454/,/archives/52454/,4607,3167,32,,2026-10-07T08:06:32.563Z,已扣除迁移读取；原版不蒜子未提供 page_uv
page,blog,https://blog.crzliang.cn/archives/52933/,/archives/52933/,4607,3167,17,,2026-10-07T08:06:32.563Z,已扣除迁移读取；原版不蒜子未提供 page_uv
page,blog,https://blog.crzliang.cn/archives/54045/,/archives/54045/,4607,3167,14,,2026-10-07T08:06:32.563Z,已扣除迁移读取；原版不蒜子未提供 page_uv
page,blog,https://blog.crzliang.cn/archives/54062/,/archives/54062/,4607,3167,7,,2026-10-07T08:06:32.563Z,已扣除迁移读取；原版不蒜子未提供 page_uv
page,blog,https://blog.crzliang.cn/archives/54088/,/archives/54088/,4607,3167,11,,2026-10-07T08:06:32.563Z,已扣除迁移读取；原版不蒜子未提供 page_uv
page,blog,https://blog.crzliang.cn/archives/54139/,/archives/54139/,4607,3167,12,,2026-10-07T08:06:32.563Z,已扣除迁移读取；原版不蒜子未提供 page_uv
page,blog,https://blog.crzliang.cn/archives/54148/,/archives/54148/,4607,3167,14,,2026-10-07T08:06:32.563Z,已扣除迁移读取；原版不蒜子未提供 page_uv
page,blog,https://blog.crzliang.cn/archives/57534/,/archives/57534/,4607,3167,155,,2026-10-07T08:06:32.563Z,已扣除迁移读取；原版不蒜子未提供 page_uv
page,blog,https://blog.crzliang.cn/archives/60912/,/archives/60912/,4607,3167,14,,2026-10-07T08:06:32.563Z,已扣除迁移读取；原版不蒜子未提供 page_uv
page,blog,https://blog.crzliang.cn/archives/61429/,/archives/61429/,4607,3167,13,,2026-10-07T08:06:32.563Z,已扣除迁移读取；原版不蒜子未提供 page_uv
page,blog,https://blog.crzliang.cn/archives/65465/,/archives/65465/,4607,3167,13,,2026-10-07T08:06:32.563Z,已扣除迁移读取；原版不蒜子未提供 page_uv
page,blog,https://blog.crzliang.cn/archives/dyh5ol/,/archives/dyh5ol/,4607,3167,0,,2026-10-07T08:06:32.563Z,已扣除迁移读取；原版不蒜子未提供 page_uv
page,blog,https://blog.crzliang.cn/archives/eioa3z9s/,/archives/eioa3z9s/,4607,3167,2,,2026-10-07T08:06:32.563Z,已扣除迁移读取；原版不蒜子未提供 page_uv
page,blog,https://blog.crzliang.cn/archives/gtBfjmI9/,/archives/gtBfjmI9/,4607,3167,9,,2026-10-07T08:06:32.563Z,已扣除迁移读取；原版不蒜子未提供 page_uv
page,blog,https://blog.crzliang.cn/archives/h582bhtq/,/archives/h582bhtq/,4607,3167,12,,2026-10-07T08:06:32.563Z,已扣除迁移读取；原版不蒜子未提供 page_uv
page,blog,https://blog.crzliang.cn/archives/ngnlc0/,/archives/ngnlc0/,4607,3167,25,,2026-10-07T08:06:32.563Z,已扣除迁移读取；原版不蒜子未提供 page_uv
page,blog,https://blog.crzliang.cn/archives/nyyrztx3/,/archives/nyyrztx3/,4607,3167,6,,2026-10-07T08:06:32.563Z,已扣除迁移读取；原版不蒜子未提供 page_uv
page,blog,https://blog.crzliang.cn/archives/o1psvu1b/,/archives/o1psvu1b/,4607,3167,2,,2026-10-07T08:06:32.563Z,已扣除迁移读取；原版不蒜子未提供 page_uv
page,blog,https://blog.crzliang.cn/archives/pxbe1psj/,/archives/pxbe1psj/,4607,3167,25,,2026-10-07T08:06:32.563Z,已扣除迁移读取；原版不蒜子未提供 page_uv
page,blog,https://blog.crzliang.cn/archives/wv34hxwx/,/archives/wv34hxwx/,4607,3167,4,,2026-10-07T08:06:32.563Z,已扣除迁移读取；原版不蒜子未提供 page_uv
page,blog,https://blog.crzliang.cn/categories/,/categories/,4607,3167,12,,2026-10-07T08:06:32.563Z,已扣除迁移读取；原版不蒜子未提供 page_uv
page,blog,https://blog.crzliang.cn/categories/%E5%87%BA%E5%B7%AE/,/categories/%E5%87%BA%E5%B7%AE/,4607,3167,4,,2026-10-07T08:06:32.563Z,已扣除迁移读取；原版不蒜子未提供 page_uv
page,blog,https://blog.crzliang.cn/categories/%E5%88%B7%E6%9C%BA/,/categories/%E5%88%B7%E6%9C%BA/,4607,3167,5,,2026-10-07T08:06:32.563Z,已扣除迁移读取；原版不蒜子未提供 page_uv
page,blog,https://blog.crzliang.cn/categories/%E5%AD%A6%E4%B9%A0%E7%AC%94%E8%AE%B0/,/categories/%E5%AD%A6%E4%B9%A0%E7%AC%94%E8%AE%B0/,4607,3167,0,,2026-10-07T08:06:32.563Z,已扣除迁移读取；原版不蒜子未提供 page_uv
page,blog,https://blog.crzliang.cn/categories/%E5%AE%89%E5%85%A8%E7%A0%94%E7%A9%B6/,/categories/%E5%AE%89%E5%85%A8%E7%A0%94%E7%A9%B6/,4607,3167,2,,2026-10-07T08:06:32.563Z,已扣除迁移读取；原版不蒜子未提供 page_uv
page,blog,https://blog.crzliang.cn/categories/%E5%BA%94%E6%80%A5%E5%93%8D%E5%BA%94/,/categories/%E5%BA%94%E6%80%A5%E5%93%8D%E5%BA%94/,4607,3167,8,,2026-10-07T08:06:32.563Z,已扣除迁移读取；原版不蒜子未提供 page_uv
page,blog,https://blog.crzliang.cn/categories/%E5%BC%80%E5%8F%91/,/categories/%E5%BC%80%E5%8F%91/,4607,3167,8,,2026-10-07T08:06:32.563Z,已扣除迁移读取；原版不蒜子未提供 page_uv
page,blog,https://blog.crzliang.cn/categories/%E5%BD%B1%E8%AF%84/,/categories/%E5%BD%B1%E8%AF%84/,4607,3167,1,,2026-10-07T08:06:32.563Z,已扣除迁移读取；原版不蒜子未提供 page_uv
page,blog,https://blog.crzliang.cn/categories/%E7%94%9F%E6%B4%BB%E7%90%90%E7%A2%8E/,/categories/%E7%94%9F%E6%B4%BB%E7%90%90%E7%A2%8E/,4607,3167,3,,2026-10-07T08:06:32.563Z,已扣除迁移读取；原版不蒜子未提供 page_uv
page,blog,https://blog.crzliang.cn/categories/%E8%BD%AF%E8%B7%AF%E7%94%B1/,/categories/%E8%BD%AF%E8%B7%AF%E7%94%B1/,4607,3167,3,,2026-10-07T08:06:32.563Z,已扣除迁移读取；原版不蒜子未提供 page_uv
page,blog,https://blog.crzliang.cn/categories/%E8%BF%90%E7%BB%B4/,/categories/%E8%BF%90%E7%BB%B4/,4607,3167,9,,2026-10-07T08:06:32.563Z,已扣除迁移读取；原版不蒜子未提供 page_uv
page,blog,https://blog.crzliang.cn/categories/%E9%9D%B6%E5%9C%BA&amp;%E9%9D%B6%E6%9C%BA/,/categories/%E9%9D%B6%E5%9C%BA&amp;%E9%9D%B6%E6%9C%BA/,4607,3167,0,,2026-10-07T08:06:32.563Z,已扣除迁移读取；原版不蒜子未提供 page_uv
page,blog,https://blog.crzliang.cn/categories/vscode/,/categories/vscode/,4607,3167,13,,2026-10-07T08:06:32.563Z,已扣除迁移读取；原版不蒜子未提供 page_uv
page,blog,https://blog.crzliang.cn/categories/WriteUP/,/categories/WriteUP/,4607,3167,0,,2026-10-07T08:06:32.563Z,已扣除迁移读取；原版不蒜子未提供 page_uv
page,blog,https://blog.crzliang.cn/categories/wsl/,/categories/wsl/,4607,3167,5,,2026-10-07T08:06:32.563Z,已扣除迁移读取；原版不蒜子未提供 page_uv
page,blog,https://blog.crzliang.cn/friends/,/friends/,4607,3167,0,,2026-10-07T08:06:32.563Z,已扣除迁移读取；原版不蒜子未提供 page_uv
page,blog,https://blog.crzliang.cn/movies/,/movies/,4607,3167,13,,2026-10-07T08:06:32.563Z,已扣除迁移读取；原版不蒜子未提供 page_uv
page,blog,https://blog.crzliang.cn/page/2/,/page/2/,4607,3167,36,,2026-10-07T08:06:32.563Z,已扣除迁移读取；原版不蒜子未提供 page_uv
page,blog,https://blog.crzliang.cn/page/3/,/page/3/,4607,3167,13,,2026-10-07T08:06:32.563Z,已扣除迁移读取；原版不蒜子未提供 page_uv
page,blog,https://blog.crzliang.cn/page/4/,/page/4/,4607,3167,7,,2026-10-07T08:06:32.563Z,已扣除迁移读取；原版不蒜子未提供 page_uv
page,blog,https://blog.crzliang.cn/page/5/,/page/5/,4607,3167,1,,2026-10-07T08:06:32.563Z,已扣除迁移读取；原版不蒜子未提供 page_uv
page,blog,https://blog.crzliang.cn/photos/,/photos/,4607,3167,0,,2026-10-07T08:06:32.563Z,已扣除迁移读取；原版不蒜子未提供 page_uv
page,blog,https://blog.crzliang.cn/photos/62243850/,/photos/62243850/,4607,3167,2,,2026-10-07T08:06:32.563Z,已扣除迁移读取；原版不蒜子未提供 page_uv
page,blog,https://blog.crzliang.cn/tags/,/tags/,4607,3167,5,,2026-10-07T08:06:32.563Z,已扣除迁移读取；原版不蒜子未提供 page_uv
page,blog,https://blog.crzliang.cn/tags/%E4%BF%A1%E6%81%AF%E6%94%B6%E9%9B%86/,/tags/%E4%BF%A1%E6%81%AF%E6%94%B6%E9%9B%86/,4607,3167,1,,2026-10-07T08:06:32.563Z,已扣除迁移读取；原版不蒜子未提供 page_uv
page,blog,https://blog.crzliang.cn/tags/%E5%8C%97%E4%BA%AC/,/tags/%E5%8C%97%E4%BA%AC/,4607,3167,2,,2026-10-07T08:06:32.563Z,已扣除迁移读取；原版不蒜子未提供 page_uv
page,blog,https://blog.crzliang.cn/tags/%E5%87%BA%E5%B7%AE/,/tags/%E5%87%BA%E5%B7%AE/,4607,3167,3,,2026-10-07T08:06:32.563Z,已扣除迁移读取；原版不蒜子未提供 page_uv
page,blog,https://blog.crzliang.cn/tags/%E5%88%B7%E6%9C%BA/,/tags/%E5%88%B7%E6%9C%BA/,4607,3167,0,,2026-10-07T08:06:32.563Z,已扣除迁移读取；原版不蒜子未提供 page_uv
page,blog,https://blog.crzliang.cn/tags/%E5%89%8D%E7%AB%AF/,/tags/%E5%89%8D%E7%AB%AF/,4607,3167,2,,2026-10-07T08:06:32.563Z,已扣除迁移读取；原版不蒜子未提供 page_uv
page,blog,https://blog.crzliang.cn/tags/%E5%A4%A9%E5%AE%89%E9%97%A8/,/tags/%E5%A4%A9%E5%AE%89%E9%97%A8/,4607,3167,2,,2026-10-07T08:06:32.563Z,已扣除迁移读取；原版不蒜子未提供 page_uv
page,blog,https://blog.crzliang.cn/tags/%E5%AD%A6%E4%B9%A0%E7%AC%94%E8%AE%B0/,/tags/%E5%AD%A6%E4%B9%A0%E7%AC%94%E8%AE%B0/,4607,3167,1,,2026-10-07T08:06:32.563Z,已扣除迁移读取；原版不蒜子未提供 page_uv
page,blog,https://blog.crzliang.cn/tags/%E5%AD%A6%E6%9C%AF%E7%BD%91%E7%AB%99/,/tags/%E5%AD%A6%E6%9C%AF%E7%BD%91%E7%AB%99/,4607,3167,2,,2026-10-07T08:06:32.563Z,已扣除迁移读取；原版不蒜子未提供 page_uv
page,blog,https://blog.crzliang.cn/tags/%E5%B0%8F%E7%B1%B3%E5%B9%B3%E6%9D%BF6Pro/,/tags/%E5%B0%8F%E7%B1%B3%E5%B9%B3%E6%9D%BF6Pro/,4607,3167,0,,2026-10-07T08:06:32.563Z,已扣除迁移读取；原版不蒜子未提供 page_uv
page,blog,https://blog.crzliang.cn/tags/%E5%B7%A5%E6%8E%A7/,/tags/%E5%B7%A5%E6%8E%A7/,4607,3167,3,,2026-10-07T08:06:32.563Z,已扣除迁移读取；原版不蒜子未提供 page_uv
page,blog,https://blog.crzliang.cn/tags/%E5%BA%94%E6%80%A5%E5%93%8D%E5%BA%94/,/tags/%E5%BA%94%E6%80%A5%E5%93%8D%E5%BA%94/,4607,3167,1,,2026-10-07T08:06:32.563Z,已扣除迁移读取；原版不蒜子未提供 page_uv
page,blog,https://blog.crzliang.cn/tags/%E5%BA%94%E6%80%A5%E5%93%8D%E5%BA%94%E9%9D%B6%E6%9C%BA/,/tags/%E5%BA%94%E6%80%A5%E5%93%8D%E5%BA%94%E9%9D%B6%E6%9C%BA/,4607,3167,10,,2026-10-07T08:06:32.563Z,已扣除迁移读取；原版不蒜子未提供 page_uv
page,blog,https://blog.crzliang.cn/tags/%E5%BC%80%E5%8F%91/,/tags/%E5%BC%80%E5%8F%91/,4607,3167,2,,2026-10-07T08:06:32.563Z,已扣除迁移读取；原版不蒜子未提供 page_uv
page,blog,https://blog.crzliang.cn/tags/%E5%BD%B1%E8%AF%84/,/tags/%E5%BD%B1%E8%AF%84/,4607,3167,2,,2026-10-07T08:06:32.563Z,已扣除迁移读取；原版不蒜子未提供 page_uv
page,blog,https://blog.crzliang.cn/tags/%E6%9C%A8%E9%A9%AC/,/tags/%E6%9C%A8%E9%A9%AC/,4607,3167,1,,2026-10-07T08:06:32.563Z,已扣除迁移读取；原版不蒜子未提供 page_uv
page,blog,https://blog.crzliang.cn/tags/%E6%9D%83%E9%99%90%E6%8F%90%E5%8D%87/,/tags/%E6%9D%83%E9%99%90%E6%8F%90%E5%8D%87/,4607,3167,3,,2026-10-07T08:06:32.563Z,已扣除迁移读取；原版不蒜子未提供 page_uv
page,blog,https://blog.crzliang.cn/tags/%E6%9D%83%E9%99%90%E7%BB%B4%E6%8C%81/,/tags/%E6%9D%83%E9%99%90%E7%BB%B4%E6%8C%81/,4607,3167,2,,2026-10-07T08:06:32.563Z,已扣除迁移读取；原版不蒜子未提供 page_uv
page,blog,https://blog.crzliang.cn/tags/%E6%95%91%E7%A0%96/,/tags/%E6%95%91%E7%A0%96/,4607,3167,2,,2026-10-07T08:06:32.563Z,已扣除迁移读取；原版不蒜子未提供 page_uv
page,blog,https://blog.crzliang.cn/tags/%E6%97%81%E8%B7%AF%E7%BD%91%E5%85%B3/,/tags/%E6%97%81%E8%B7%AF%E7%BD%91%E5%85%B3/,4607,3167,3,,2026-10-07T08:06:32.563Z,已扣除迁移读取；原版不蒜子未提供 page_uv
page,blog,https://blog.crzliang.cn/tags/%E6%A0%88%E6%BA%A2%E5%87%BA/,/tags/%E6%A0%88%E6%BA%A2%E5%87%BA/,4607,3167,0,,2026-10-07T08:06:32.563Z,已扣除迁移读取；原版不蒜子未提供 page_uv
page,blog,https://blog.crzliang.cn/tags/%E6%AF%94%E8%B5%9B/,/tags/%E6%AF%94%E8%B5%9B/,4607,3167,5,,2026-10-07T08:06:32.563Z,已扣除迁移读取；原版不蒜子未提供 page_uv
page,blog,https://blog.crzliang.cn/tags/%E6%B8%97%E9%80%8F%E6%B5%8B%E8%AF%95/,/tags/%E6%B8%97%E9%80%8F%E6%B5%8B%E8%AF%95/,4607,3167,14,,2026-10-07T08:06:32.563Z,已扣除迁移读取；原版不蒜子未提供 page_uv
page,blog,https://blog.crzliang.cn/tags/%E6%BC%8F%E6%B4%9E%E6%89%AB%E6%8F%8F/,/tags/%E6%BC%8F%E6%B4%9E%E6%89%AB%E6%8F%8F/,4607,3167,1,,2026-10-07T08:06:32.563Z,已扣除迁移读取；原版不蒜子未提供 page_uv
page,blog,https://blog.crzliang.cn/tags/%E7%9F%A5%E6%94%BB%E5%96%84%E9%98%B2%E5%AE%9E%E9%AA%8C%E5%AE%A4/,/tags/%E7%9F%A5%E6%94%BB%E5%96%84%E9%98%B2%E5%AE%9E%E9%AA%8C%E5%AE%A4/,4607,3167,7,,2026-10-07T08:06:32.563Z,已扣除迁移读取；原版不蒜子未提供 page_uv
page,blog,https://blog.crzliang.cn/tags/%E7%94%9F%E6%B4%BB%E7%90%90%E7%A2%8E/,/tags/%E7%94%9F%E6%B4%BB%E7%90%90%E7%A2%8E/,4607,3167,3,,2026-10-07T08:06:32.563Z,已扣除迁移读取；原版不蒜子未提供 page_uv
page,blog,https://blog.crzliang.cn/tags/%E7%94%B5%E5%BD%B1/,/tags/%E7%94%B5%E5%BD%B1/,4607,3167,0,,2026-10-07T08:06:32.563Z,已扣除迁移读取；原版不蒜子未提供 page_uv
page,blog,https://blog.crzliang.cn/tags/%E7%BA%A2%E7%B1%B3note7/,/tags/%E7%BA%A2%E7%B1%B3note7/,4607,3167,1,,2026-10-07T08:06:32.563Z,已扣除迁移读取；原版不蒜子未提供 page_uv
page,blog,https://blog.crzliang.cn/tags/%E7%BD%91%E5%AE%89%E5%B0%8F%E5%AD%A6%E6%9C%9F/,/tags/%E7%BD%91%E5%AE%89%E5%B0%8F%E5%AD%A6%E6%9C%9F/,4607,3167,16,,2026-10-07T08:06:32.563Z,已扣除迁移读取；原版不蒜子未提供 page_uv
page,blog,https://blog.crzliang.cn/tags/%E7%BD%91%E7%BB%9C%E6%B8%97%E9%80%8F%E6%B5%8B%E8%AF%95%E6%8A%80%E6%9C%AF/,/tags/%E7%BD%91%E7%BB%9C%E6%B8%97%E9%80%8F%E6%B5%8B%E8%AF%95%E6%8A%80%E6%9C%AF/,4607,3167,0,,2026-10-07T08:06:32.563Z,已扣除迁移读取；原版不蒜子未提供 page_uv
page,blog,https://blog.crzliang.cn/tags/%E7%BD%91%E7%BB%9C%E7%A9%BA%E9%97%B4%E5%AE%89%E5%85%A8/,/tags/%E7%BD%91%E7%BB%9C%E7%A9%BA%E9%97%B4%E5%AE%89%E5%85%A8/,4607,3167,3,,2026-10-07T08:06:32.563Z,已扣除迁移读取；原版不蒜子未提供 page_uv
page,blog,https://blog.crzliang.cn/tags/%E7%BD%91%E7%BB%9C%E7%A9%BA%E9%97%B4%E5%AE%89%E5%85%A8%E5%AF%BC%E8%AE%BA/,/tags/%E7%BD%91%E7%BB%9C%E7%A9%BA%E9%97%B4%E5%AE%89%E5%85%A8%E5%AF%BC%E8%AE%BA/,4607,3167,1,,2026-10-07T08:06:32.563Z,已扣除迁移读取；原版不蒜子未提供 page_uv
page,blog,https://blog.crzliang.cn/tags/%E8%9C%98%E8%9B%9B%E4%BE%A0/,/tags/%E8%9C%98%E8%9B%9B%E4%BE%A0/,4607,3167,1,,2026-10-07T08:06:32.563Z,已扣除迁移读取；原版不蒜子未提供 page_uv
page,blog,https://blog.crzliang.cn/tags/%E8%B7%AF%E7%94%B1%E5%99%A8%E7%BB%84%E7%BD%91/,/tags/%E8%B7%AF%E7%94%B1%E5%99%A8%E7%BB%84%E7%BD%91/,4607,3167,2,,2026-10-07T08:06:32.563Z,已扣除迁移读取；原版不蒜子未提供 page_uv
page,blog,https://blog.crzliang.cn/tags/%E8%BF%9C%E7%A8%8B%E6%8E%A7%E5%88%B6/,/tags/%E8%BF%9C%E7%A8%8B%E6%8E%A7%E5%88%B6/,4607,3167,0,,2026-10-07T08:06:32.563Z,已扣除迁移读取；原版不蒜子未提供 page_uv
page,blog,https://blog.crzliang.cn/tags/%E8%BF%90%E7%BB%B4/,/tags/%E8%BF%90%E7%BB%B4/,4607,3167,3,,2026-10-07T08:06:32.563Z,已扣除迁移读取；原版不蒜子未提供 page_uv
page,blog,https://blog.crzliang.cn/tags/%E9%92%93%E9%B1%BC/,/tags/%E9%92%93%E9%B1%BC/,4607,3167,0,,2026-10-07T08:06:32.563Z,已扣除迁移读取；原版不蒜子未提供 page_uv
page,blog,https://blog.crzliang.cn/tags/9008/,/tags/9008/,4607,3167,1,,2026-10-07T08:06:32.563Z,已扣除迁移读取；原版不蒜子未提供 page_uv
page,blog,https://blog.crzliang.cn/tags/audio_control/,/tags/audio_control/,4607,3167,0,,2026-10-07T08:06:32.563Z,已扣除迁移读取；原版不蒜子未提供 page_uv
page,blog,https://blog.crzliang.cn/tags/crack/,/tags/crack/,4607,3167,1,,2026-10-07T08:06:32.563Z,已扣除迁移读取；原版不蒜子未提供 page_uv
page,blog,https://blog.crzliang.cn/tags/CTF/,/tags/CTF/,4607,3167,5,,2026-10-07T08:06:32.563Z,已扣除迁移读取；原版不蒜子未提供 page_uv
page,blog,https://blog.crzliang.cn/tags/deepseek/,/tags/deepseek/,4607,3167,0,,2026-10-07T08:06:32.563Z,已扣除迁移读取；原版不蒜子未提供 page_uv
page,blog,https://blog.crzliang.cn/tags/docker/,/tags/docker/,4607,3167,6,,2026-10-07T08:06:32.563Z,已扣除迁移读取；原版不蒜子未提供 page_uv
page,blog,https://blog.crzliang.cn/tags/docusaurus/,/tags/docusaurus/,4607,3167,2,,2026-10-07T08:06:32.563Z,已扣除迁移读取；原版不蒜子未提供 page_uv
page,blog,https://blog.crzliang.cn/tags/Git/,/tags/Git/,4607,3167,1,,2026-10-07T08:06:32.563Z,已扣除迁移读取；原版不蒜子未提供 page_uv
page,blog,https://blog.crzliang.cn/tags/GitHub/,/tags/GitHub/,4607,3167,5,,2026-10-07T08:06:32.563Z,已扣除迁移读取；原版不蒜子未提供 page_uv
page,blog,https://blog.crzliang.cn/tags/GitHub%20actions/,/tags/GitHub%20actions/,4607,3167,1,,2026-10-07T08:06:32.563Z,已扣除迁移读取；原版不蒜子未提供 page_uv
page,blog,https://blog.crzliang.cn/tags/GZCTF/,/tags/GZCTF/,4607,3167,18,,2026-10-07T08:06:32.563Z,已扣除迁移读取；原版不蒜子未提供 page_uv
page,blog,https://blog.crzliang.cn/tags/HTB/,/tags/HTB/,4607,3167,10,,2026-10-07T08:06:32.563Z,已扣除迁移读取；原版不蒜子未提供 page_uv
page,blog,https://blog.crzliang.cn/tags/hugo/,/tags/hugo/,4607,3167,2,,2026-10-07T08:06:32.563Z,已扣除迁移读取；原版不蒜子未提供 page_uv
page,blog,https://blog.crzliang.cn/tags/IPv6/,/tags/IPv6/,4607,3167,9,,2026-10-07T08:06:32.563Z,已扣除迁移读取；原版不蒜子未提供 page_uv
page,blog,https://blog.crzliang.cn/tags/ISCC/,/tags/ISCC/,4607,3167,3,,2026-10-07T08:06:32.563Z,已扣除迁移读取；原版不蒜子未提供 page_uv
page,blog,https://blog.crzliang.cn/tags/lavender/,/tags/lavender/,4607,3167,2,,2026-10-07T08:06:32.563Z,已扣除迁移读取；原版不蒜子未提供 page_uv
page,blog,https://blog.crzliang.cn/tags/Linux1/,/tags/Linux1/,4607,3167,8,,2026-10-07T08:06:32.563Z,已扣除迁移读取；原版不蒜子未提供 page_uv
page,blog,https://blog.crzliang.cn/tags/liuqin/,/tags/liuqin/,4607,3167,0,,2026-10-07T08:06:32.563Z,已扣除迁移读取；原版不蒜子未提供 page_uv
page,blog,https://blog.crzliang.cn/tags/Mac/,/tags/Mac/,4607,3167,0,,2026-10-07T08:06:32.563Z,已扣除迁移读取；原版不蒜子未提供 page_uv
page,blog,https://blog.crzliang.cn/tags/MIUI/,/tags/MIUI/,4607,3167,1,,2026-10-07T08:06:32.563Z,已扣除迁移读取；原版不蒜子未提供 page_uv
page,blog,https://blog.crzliang.cn/tags/openwrt/,/tags/openwrt/,4607,3167,5,,2026-10-07T08:06:32.563Z,已扣除迁移读取；原版不蒜子未提供 page_uv
page,blog,https://blog.crzliang.cn/tags/pikachu/,/tags/pikachu/,4607,3167,1,,2026-10-07T08:06:32.563Z,已扣除迁移读取；原版不蒜子未提供 page_uv
page,blog,https://blog.crzliang.cn/tags/singbox/,/tags/singbox/,4607,3167,1,,2026-10-07T08:06:32.563Z,已扣除迁移读取；原版不蒜子未提供 page_uv
page,blog,https://blog.crzliang.cn/tags/typora/,/tags/typora/,4607,3167,0,,2026-10-07T08:06:32.563Z,已扣除迁移读取；原版不蒜子未提供 page_uv
page,blog,https://blog.crzliang.cn/tags/v2ray/,/tags/v2ray/,4607,3167,1,,2026-10-07T08:06:32.563Z,已扣除迁移读取；原版不蒜子未提供 page_uv
page,blog,https://blog.crzliang.cn/tags/vercel/,/tags/vercel/,4607,3167,7,,2026-10-07T08:06:32.563Z,已扣除迁移读取；原版不蒜子未提供 page_uv
page,blog,https://blog.crzliang.cn/tags/vibe_coding/,/tags/vibe_coding/,4607,3167,0,,2026-10-07T08:06:32.563Z,已扣除迁移读取；原版不蒜子未提供 page_uv
page,blog,https://blog.crzliang.cn/tags/vscode/,/tags/vscode/,4607,3167,2,,2026-10-07T08:06:32.563Z,已扣除迁移读取；原版不蒜子未提供 page_uv
page,blog,https://blog.crzliang.cn/tags/vulnhub/,/tags/vulnhub/,4607,3167,5,,2026-10-07T08:06:32.563Z,已扣除迁移读取；原版不蒜子未提供 page_uv
page,blog,https://blog.crzliang.cn/tags/web/,/tags/web/,4607,3167,18,,2026-10-07T08:06:32.563Z,已扣除迁移读取；原版不蒜子未提供 page_uv
page,blog,https://blog.crzliang.cn/tags/Web2/,/tags/Web2/,4607,3167,15,,2026-10-07T08:06:32.563Z,已扣除迁移读取；原版不蒜子未提供 page_uv
page,blog,https://blog.crzliang.cn/tags/Windows/,/tags/Windows/,4607,3167,12,,2026-10-07T08:06:32.563Z,已扣除迁移读取；原版不蒜子未提供 page_uv
page,blog,https://blog.crzliang.cn/tags/wowchemy/,/tags/wowchemy/,4607,3167,8,,2026-10-07T08:06:32.563Z,已扣除迁移读取；原版不蒜子未提供 page_uv
page,blog,https://blog.crzliang.cn/tags/wp/,/tags/wp/,4607,3167,5,,2026-10-07T08:06:32.563Z,已扣除迁移读取；原版不蒜子未提供 page_uv
page,blog,https://blog.crzliang.cn/tags/Writeup/,/tags/Writeup/,4607,3167,2,,2026-10-07T08:06:32.563Z,已扣除迁移读取；原版不蒜子未提供 page_uv
page,blog,https://blog.crzliang.cn/tags/wsl/,/tags/wsl/,4607,3167,2,,2026-10-07T08:06:32.563Z,已扣除迁移读取；原版不蒜子未提供 page_uv
page,blog,https://blog.crzliang.cn/timeline/,/timeline/,4607,3167,2,,2026-10-07T08:06:32.563Z,已扣除迁移读取；原版不蒜子未提供 page_uv
page,blog,https://blog.crzliang.cn/travel/,/travel/,4607,3167,0,,2026-10-07T08:06:32.563Z,已扣除迁移读取；原版不蒜子未提供 page_uv
page,blog,https://blog.crzliang.cn/travel/2019/,/travel/2019/,4607,3167,0,,2026-10-07T08:06:32.563Z,已扣除迁移读取；原版不蒜子未提供 page_uv
page,blog,https://blog.crzliang.cn/travel/2021/,/travel/2021/,4607,3167,0,,2026-10-07T08:06:32.563Z,已扣除迁移读取；原版不蒜子未提供 page_uv
page,blog,https://blog.crzliang.cn/travel/2022/,/travel/2022/,4607,3167,0,,2026-10-07T08:06:32.563Z,已扣除迁移读取；原版不蒜子未提供 page_uv
page,blog,https://blog.crzliang.cn/travel/2023/,/travel/2023/,4607,3167,0,,2026-10-07T08:06:32.563Z,已扣除迁移读取；原版不蒜子未提供 page_uv
page,blog,https://blog.crzliang.cn/travel/2024/,/travel/2024/,4607,3167,1,,2026-10-07T08:06:32.563Z,已扣除迁移读取；原版不蒜子未提供 page_uv
page,blog,https://blog.crzliang.cn/travel/2025/,/travel/2025/,4607,3167,2,,2026-10-07T08:06:32.563Z,已扣除迁移读取；原版不蒜子未提供 page_uv
page,blog,https://blog.crzliang.cn/travel/2026/,/travel/2026/,4607,3167,1,,2026-10-07T08:06:32.563Z,已扣除迁移读取；原版不蒜子未提供 page_uv
